<?xml version="1.0" encoding="UTF-8" standalone="no" ?>
<?fcla fda="yes"?>
<?fcla dl="no"?>
<!--  Selected Repertoire for the Tenor Voice ( Book ) -->
<METS:mets OBJID="FI12050235"
  xmlns:METS="http://www.loc.gov/METS/"
  xmlns:xlink="http://www.w3.org/1999/xlink"
  xmlns:xsi="http://www.w3.org/2001/XMLSchema-instance" 
  xmlns:daitss="http://www.fcla.edu/dls/md/daitss/"
  xmlns:dc="http://purl.org/dc/elements/1.1/"
  xsi:schemaLocation="http://www.loc.gov/METS/
    http://www.loc.gov/standards/mets/mets.xsd 
    http://www.fcla.edu/dls/md/daitss/
    http://www.fcla.edu/dls/md/daitss/daitss.xsd
    http://purl.org/dc/elements/1.1/
    http://dublincore.org/schemas/xmls/simpledc20021212.xsd
">
<METS:metsHdr CREATEDATE="2012-10-09T13:26:47Z" ID="FI12050235" LASTMODDATE="2012-10-09T13:26:47Z" RECORDSTATUS="COMPLETE">
<METS:agent ROLE="CREATOR" TYPE="ORGANIZATION"> 
<METS:name>FIU,Florida International University</METS:name>
</METS:agent>
<METS:agent OTHERTYPE="SOFTWARE" ROLE="CREATOR" TYPE="OTHER"> 
<METS:name>SobekCM Metadata Template</METS:name>
</METS:agent>
<METS:agent ROLE="CREATOR" TYPE="INDIVIDUAL"> 
<METS:name>Jamie Rogers</METS:name>
</METS:agent>
</METS:metsHdr>
<METS:dmdSec ID="DMD1">
<METS:mdWrap MDTYPE="DC"  MIMETYPE="text/xml" LABEL="Simple Dublin Core">
<METS:xmlData>
<dc:title>Selected Reperto�-� for the Tenor Voice</dc:title>
<dc:creator>Scott T Tripp</dc:creator>
<dc:date>2012-03-29T00:00:00-07:00</dc:date>
<dc:description>This thesis presents extended program notes for a seventy-minute vocal graduate recital consisting of the following repertoire for tenor: Johann Sebastian Bach's cantata Ich armer Mensch ich Sündenknecht; two songs from the eighteenth-century Spanish collection Tonadillas Escénicas; Gaetano Donizetti's song La derniére nuit d'un novice; Francis Poulenc's song cycle Tel jour telle nuit; Jake Heggie's song cycle Friendly Persuasions; and John Corigliano's Three Irish Folk Songs for Flute and Tenor. Spanning four centuries of music and representing four different language traditions, these works are sufficiently representative of the tenor repertoire. The content of this thesis features detailed information on these works through historical study, and musical analysis.</dc:description>
<dc:language>English</dc:language>
<dc:publisher>Florida International University</dc:publisher>
<dc:type>text</dc:type>
<dc:rights>All rights reserved by the source institution</dc:rights>
</METS:xmlData>
</METS:mdWrap>
</METS:dmdSec>
<METS:amdSec>
<METS:digiprovMD ID="AMD_DAITSS">
<METS:mdWrap MDTYPE="OTHER" OTHERMDTYPE="DAITSS">
<METS:xmlData>
<daitss:daitss>
<daitss:AGREEMENT_INFO ACCOUNT="FIU" PROJECT="ETD"/>
</daitss:daitss>
</METS:xmlData>
</METS:mdWrap>
</METS:digiprovMD>
</METS:amdSec>
<METS:fileSec> 
<METS:fileGrp USE="reference" > 
<METS:file GROUPID="G1" ID="PDF1" MIMETYPE="application/pdf" CHECKSUM="1734b67030b9d3d618f1d59f9637bcdb" CHECKSUMTYPE="MD5" SIZE="1509373"> 
<METS:FLocat LOCTYPE="OTHER" OTHERLOCTYPE="SYSTEM" xlink:href="FI12050235_pdfa.pdf" /> 
</METS:file> 
</METS:fileGrp> 
</METS:fileSec> 
<METS:structMap ID="STRUCT2" TYPE="other"> 
<METS:div DMDID="DMD1" LABEL="Selected Repertoire for the Tenor Voice" ORDER="0" TYPE="main"> 
<METS:div ID="DDIV1" ORDER="1" TYPE="Main"> 
<METS:div ID="FILES1" ORDER="1" TYPE="Page"> 
<METS:fptr FILEID="PDF1" /> 
</METS:div> 
</METS:div> 
</METS:div>
</METS:structMap>
</METS:mets>
