<?xml version="1.0" encoding="UTF-8"?>
<mets xmlns="http://www.loc.gov/METS/"
      xmlns:xsi="http://www.w3.org/2001/XMLSchema-instance"
      xmlns:xlink="http://www.w3.org/1999/xlink"
      xsi:schemaLocation="http://www.loc.gov/METS/ http://www.loc.gov/standards/mets/mets.xsd
                          http://www.fcla.edu/dls/md/daitss/ http://www.fcla.edu/dls/md/daitss/daitss.xsd
                          http://www.loc.gov/mods/v3 http://www.loc.gov/standards/mods/v3/mods-3-3.xsd
                          info:lc/xmlns/premis-v2 http://www.loc.gov/standards/premis/premis.xsd"
      OBJID="etd">

  <dmdSec ID="DMD-0">
    <mdWrap MDTYPE="MODS">
      <xmlData>
        <mods xmlns="http://www.loc.gov/mods/v3">
          <titleInfo>
            <title >etd</title>
          </titleInfo>
          <part>
            <detail type="volume"><number>1</number></detail>
            <detail type="issue"><number>2</number></detail>
          </part>
        </mods>
      </xmlData>
    </mdWrap>
  </dmdSec>

	<amdSec>
		<digiprovMD ID="DPMD-0">
			<mdWrap MDTYPE="OTHER" OTHERMDTYPE="DAITSS">
				<xmlData>
					<daitss xmlns="http://www.fcla.edu/dls/md/daitss/">
						<AGREEMENT_INFO ACCOUNT="ACT" PROJECT="PRJ"/>
					</daitss>
				</xmlData>
			</mdWrap>
		</digiprovMD>
	</amdSec>

  <fileSec>
    <fileGrp>
      <file ID="FILE-0">
        <FLocat xlink:href="etd.pdf" LOCTYPE="URL"/>
      </file>
    </fileGrp>
  </fileSec>

  <structMap>
    <div>
      <fptr FILEID="FILE-0"/>
    </div>
  </structMap>

</mets>
