<?xml version="1.0" encoding="UTF-8"?>
<mets xmlns="http://www.loc.gov/METS/"
      xmlns:xsi="http://www.w3.org/2001/XMLSchema-instance"
      xmlns:xlink="http://www.w3.org/1999/xlink"
      xsi:schemaLocation="http://www.loc.gov/METS/ http://www.loc.gov/standards/mets/mets.xsd
                          http://www.fcla.edu/dls/md/daitss/ http://www.fcla.edu/dls/md/daitss/daitss.xsd
                          http://www.loc.gov/mods/v3 http://www.loc.gov/standards/mods/v3/mods-3-3.xsd
                          info:lc/xmlns/premis-v2 http://www.loc.gov/standards/premis/premis.xsd"
      OBJID="ateam">

  <dmdSec ID="DMD-0">
    <mdWrap MDTYPE="MODS">
      <xmlData>
        <mods xmlns="http://www.loc.gov/mods/v3">
          <titleInfo>
            <title >some broken glass</title>
          </titleInfo>
          <part>
            <detail type="volume"><number>1</number></detail>
            <detail type="issue"><number>2</number></detail>
          </part>
        </mods>
      </xmlData>
    </mdWrap>
  </dmdSec>

	<amdSec>
		<digiprovMD ID="DPMD-0">
			<mdWrap MDTYPE="OTHER" OTHERMDTYPE="DAITSS">
				<xmlData>
					<daitss xmlns="http://www.fcla.edu/dls/md/daitss/">
						<AGREEMENT_INFO ACCOUNT="ACT" PROJECT="PRJ"/>
					</daitss>
				</xmlData>
			</mdWrap>
		</digiprovMD>

    <digiprovMD ID="DPMD-1">
      <mdWrap MDTYPE="PREMIS" LABEL="RXP">
        <xmlData>
          <premis xmlns="info:lc/xmlns/premis-v2" version="2.0" xmlns:xsi="http://www.w3.org/2001/XMLSchema-instance">
            <object xsi:type="representation">
              <objectIdentifier>
                <objectIdentifierType>URI</objectIdentifierType>
                <objectIdentifierValue>info:fcla/daitss/E20090225_AAAIWH</objectIdentifierValue>
              </objectIdentifier>
            </object>
            <event>
              <eventIdentifier>
                <eventIdentifierType>URI</eventIdentifierType>
                <eventIdentifierValue>info:fcla/daitss/E20090225_AAAIWH/event/32158605</eventIdentifierValue>
              </eventIdentifier>
              <eventType>dissemination</eventType>
              <eventDateTime>2009-02-26T11:16:46-05:00</eventDateTime>
              <eventDetail>Disseminated TIPR package</eventDetail>
              <eventOutcomeInformation>
                <eventOutcome>SUCCESS</eventOutcome>
                <eventOutcomeDetail>
                  <eventOutcomeDetailNote/>
                </eventOutcomeDetail>
              </eventOutcomeInformation>
              <linkingAgentIdentifier>
                <linkingAgentIdentifierType>URI</linkingAgentIdentifierType>
                <linkingAgentIdentifierValue>info:fcla/daitss/agent/FDA</linkingAgentIdentifierValue>
              </linkingAgentIdentifier>
              <linkingObjectIdentifier>
                <linkingObjectIdentifierType>URI</linkingObjectIdentifierType>
                <linkingObjectIdentifierValue>info:fcla/daitss/E20090225_AAAIWH</linkingObjectIdentifierValue>
              </linkingObjectIdentifier>
            </event>
            <agent>
              <agentIdentifier>
                <agentIdentifierType>URI</agentIdentifierType>
                <agentIdentifierValue>info:fcla/daitss/agent/FDA</agentIdentifierValue>
              </agentIdentifier>
              <agentName>FDA</agentName>
              <agentType>organization</agentType>
            </agent>
          </premis>
        </xmlData>
      </mdWrap>
    </digiprovMD>

	</amdSec>

  <fileSec>
    <fileGrp>
      <file ID="FILE-0" CHECKSUM="e069a9607fdf60f9ad51ef34e41aac67" CHECKSUMTYPE="MD5">
        <FLocat xlink:href="obj1.wav" LOCTYPE="URL"/>
      </file>
    </fileGrp>
  </fileSec>

  <structMap>
    <div>
      <fptr FILEID="FILE-0"/>
    </div>
  </structMap>

</mets>
