<?xml version="1.0" encoding="UTF-8"?>
<METS:mets LABEL="Ablavsky, E." OBJID="DT_NCF01_3347556"
  xmlns:METS="http://www.loc.gov/METS/"
  xmlns:daitss="http://www.fcla.edu/dls/md/daitss/"
  xmlns:dc="http://purl.org/dc/elements/1.1/"
  xmlns:mods="http://www.loc.gov/mods/v3"
  xmlns:palmm="http://www.fcla.edu/dls/md/palmm/"
  xmlns:rightsmd="http://www.fcla.edu/dls/md/rightsmd/"
  xmlns:techmd="http://www.fcla.edu/dls/md/techmd/"
  xmlns:xlink="http://www.w3.org/1999/xlink"
  xmlns:xsi="http://www.w3.org/2001/XMLSchema-instance" xsi:schemaLocation="http://www.loc.gov/METS/ http://www.loc.gov/standards/mets/version17/mets.v1-7.xsd http://purl.org/dc/elements/1.1/ http://dublincore.org/schemas/xmls/simpledc20021212.xsd http://www.loc.gov/mods/v3 http://www.loc.gov/standards/mods/v3/mods-3-0.xsd http://www.fcla.edu/dls/md/techmd/ http://www.fcla.edu/dls/md/techmd.xsd http://www.fcla.edu/dls/md/palmm/ http://www.fcla.edu/dls/md/palmm.xsd http://www.fcla.edu/dls/md/rightsmd/ http://www.fcla.edu/dls/md/rightsmd.xsd http://www.fcla.edu/dls/md/daitss/ http://www.fcla.edu/dls/md/daitss/daitss.xsd">
  <METS:metsHdr CREATEDATE="2012-08-01T14:01:57Z" ID="DT_NCF01_3347556"
    LASTMODDATE="2012-08-01T14:01:57Z" RECORDSTATUS="NEW">
    <METS:agent OTHERTYPE="SOFTWARE" ROLE="CREATOR" TYPE="OTHER">
      <METS:name>FCLA DigiTool-to-FDA Processing</METS:name>
    </METS:agent>
    <METS:agent ROLE="CREATOR" TYPE="ORGANIZATION">
      <METS:name>FCLA</METS:name>
    </METS:agent>
  </METS:metsHdr>
  <METS:dmdSec ID="DMD1">
    <METS:mdWrap MDTYPE="DC" MIMETYPE="text/xml">
      <METS:xmlData>
        <dc:creator>Ablavsky, Essie</dc:creator>
        <dc:title>"This is the Value of Our Labor": The Nonmajority Union Approach in U.S. Manufacturing</dc:title>
        <dc:date>2012</dc:date>
        <dc:subject>Unions; Labor; Nonmajority</dc:subject>
        <dcterms:abstract>This study explores the present-day practice of nonmajority unionism in the United States. Nonmajority labor unions seek to build a union among workers regardless of whether or not they have the 50-percent-plus-one majority necessary to file for a National Labor Relations Board election. This thesis adds to the existing historical and legal literature on nonmajority unions by providing a sociological examination of the nonmajority union approach. I conducted 4 group interviews and 11 individual interviews with workers and union staff from two different nonmajority unions in the manufacturing sector. From these interviews, it became clear that these unions share a number of common characteristics. Nonmajority unions use a similar range of tactics, such as petition campaigns, political action, leadership development and information sharing. More generally, they tend to run issue-based campaigns, reject a members-only approach, claim victories and act like a union. The fates of the two unions in this study demonstrate that context�in terms of local history, culture, and social organization�matters when applying a nonmajority union approach. With this understanding of nonmajority unions, labor leaders are better able to make informed decisions about appropriate strategies of action in union campaigns.</dcterms:abstract>
        <dc:contributor>Hernandez, Sarah (faculty sponsor)</dc:contributor>
        <dcterms:thesisDivision>Social Sciences</dcterms:thesisDivision>
        <dc:identifier>S.T. 2012 A1</dc:identifier>
        <dc:description>Thesis (B.A.) -- New College of Florida, 2012</dc:description>
        <dc:type>Electronic Thesis or Dissertation</dc:type>
        <dcterms:thesisDiscipline>Sociology</dcterms:thesisDiscipline>
      </METS:xmlData>
    </METS:mdWrap>
  </METS:dmdSec>
  <METS:amdSec>
    <METS:digiprovMD ID="DPMD1">
      <METS:mdWrap MDTYPE="OTHER" OTHERMDTYPE="DAITSS">
        <METS:xmlData>
          <daitss:daitss>
            <daitss:AGREEMENT_INFO ACCOUNT="NCF" PROJECT="theses"/>
          </daitss:daitss>
        </METS:xmlData>
      </METS:mdWrap>
    </METS:digiprovMD>
  </METS:amdSec>
  <METS:fileSec>
    <METS:fileGrp USE="VIEW">
      <METS:file CHECKSUM="47acccf891508984b8f92669268af4cc"
        CHECKSUMTYPE="MD5" ID="FID3347556" MIMETYPE="application/pdf">
        <METS:FLocat LOCTYPE="OTHER" OTHERLOCTYPE="SYSTEM" xlink:href="3347556_Ablavsky_E.pdf"/>
      </METS:file>
    </METS:fileGrp>
  </METS:fileSec>
  <METS:structMap>
    <METS:div DMDID="DMD1" LABEL="Ablavsky, E.">
      <METS:fptr FILEID="FID3347556"/>
    </METS:div>
  </METS:structMap>
</METS:mets>
