<?xml version="1.0" standalone="no"?>
<METS:mets xmlns:xsi="http://www.w3.org/2001/XMLSchema-instance"
	xmlns:METS="http://www.loc.gov/METS/"
	xmlns:dc="http://purl.org/dc/elements/1.1/"
	xmlns:xlink="http://www.w3.org/1999/xlink"
	xmlns:palmm="http://www.fcla.edu/dls/md/palmm/"
	xmlns:techmd="http://www.fcla.edu/dls/md/techmd/"
	xmlns:rightsmd="http://www.fcla.edu/dls/md/rightsmd/"
	xmlns:daitss="http://www.fcla.edu/dls/md/daitss/"
	xsi:schemaLocation="http://www.loc.gov/METS/
		http://www.loc.gov/standards/mets/mets.xsd
		http://purl.org/dc/elements/1.1/
		http://www.dublincore.org/schemas/xmls/simpledc20021212.xsd
		http://www.fcla.edu/dls/md/palmm/ http://www.fcla.edu/dls/md/palmm.xsd
		http://www.fcla.edu/dls/md/techmd/ http://www.fcla.edu/dls/md/techmd.xsd
		http://www.fcla.edu/dls/md/rightsmd/ http://www.fcla.edu/dls/md/rightsmd.xsd
		http://www.fcla.edu/dls/md/daitss/ http://www.fcla.edu/dls/md/daitss/daitss.xsd"
	OBJID="FDAD25ded_missing_project"
	TYPE="ETD"
	LABEL="MODELING FREE CHLORINE AND CHLORAMINE DECAY IN A PILOT DISTRIBUTION SYSTEM">

	<METS:metsHdr CREATEDATE="2007-11-14T18:11:17Z" LASTMODDATE="2007-11-14T18:11:17Z" ID="FDAD25ded_missing_project" RECORDSTATUS="new">
		<METS:agent ROLE="CREATOR" TYPE="ORGANIZATION">
			<METS:name>FDA</METS:name>
			<METS:note>projects=ETD</METS:note>
			<METS:note>makerules=title,FDA</METS:note>
			<METS:note>server=TD</METS:note>
			<METS:note>UMI="yes"</METS:note>
		</METS:agent>
	</METS:metsHdr>

	<METS:dmdSec ID="DMD1">
		<METS:mdWrap MIMETYPE="text/xml" MDTYPE="DC" LABEL="Simple Dublin Core">
			<METS:xmlData>
				<dc:title>MODELING FREE CHLORINE AND CHLORAMINE DECAY IN A PILOT DISTRIBUTION SYSTEM - Missing Project Information</dc:title>
				<dc:date>2007</dc:date>
				<dc:creator>Arevalo, Jorge</dc:creator>
				<dc:publisher>University of Central Florida</dc:publisher>
				<dc:subject>Chlorine;  Chloramine;  Distribution systems;  residual decay;  chlorine modeling</dc:subject>
				<dc:description>The purpose of this study was to identify the effect that water quality, pipe material, pipe size, flow conditions and the use of corrosion inhibitors would have on the rate of free chlorine and chloramine decay in distribution systems. Empirical models were developed to predict the disinfectant residual concentration with time based on the parameters that affected it. Different water treatment processes were used to treat groundwater and surface water to obtain 7 types of finished waters with a wide range of water quality characteristics. The groundwater was treated either by conventional treatment by aeration (G1) or softening (G2) or high pressure reverse osmosis (RO) and the surface water was treated either by enhanced coagulation, ozonation and GAC filtration (CSF-O3-GAC or S1) or an integrated membrane system (CSF-NF or S2). The remaining two water types were obtained by treating a blend of G1, S1 and RO by softening (S2) and nanofiltration (G4). A pilot distribution systems (PDS) consisting of eighteen (18) lines was built using old pipes obtained from existing distribution system. The pipe materials used were polyvinyl chloride (PVC), lined cast iron (LCI), unlined cast iron (UCI) and galvanized steel (G). During the first stage of the study, the 7 types of water were blended and fed to the PDS to study the effect of feed water quality changes on PDS effluent water quality, and specifically disinfectant residual. Both free chlorine and chloramines were used as disinfectant and the PDSs were operated at hydraulic retention times (HRT) of 2 and 5 days. The PDSs were periodically tested for free and combined chlorine, organic content, temperature, pH, turbidity and color. The data obtained were used to develop separate models for free chlorine and chloramines. The best fit model was a first-order kinetic model with respect to initial disinfectant concentration that is dependent on the pipe material, pipe diameter and the organic content and temperature of the water. Turbidity, color and pH were found to be not significant for the range of values observed. The models contain two decay constants, the first constant (KB) accounts for the decay due to reaction in the bulk liquid and is affected by the organics and temperature while the second constant, KW, represents the reactions at the pipe wall and is affected by the temperature of the water and the pipe material and diameter. The rate of free chlorine and chloramine decay was found to be highly affected by the pipe material, the decay was faster in unlined metallic pipes (UCI and G) and slower in the synthetic (PVC) and lined pipes (LCI). The models showed that the rate of disinfectant residual loss increases with the increase of temperature or the organics in the water irrespective of pipe material. During the second part of the study, corrosion control inhibitors were added to a blend of S1, G1 and RO that fed all the hybrid PDSs. The inhibitors used were: orthophosphate, blended ortho-polyphosphate, zinc orthophosphate and sodium silicate. Three PDSs were used for each inhibitor type, for a total of 12 PDSs, to study the effect of low, medium and high dose on water quality. Two PDSs were used as control, fed with the blend without any inhibitor addition. The control PDSs were used to observe the effect of pH control on water quality and compare to the inhibitor use. One of the control PDSs (called PDS 13) had the pH adjusted to be equal to the saturation pH in relation to calcium carbonate precipitation (pHs) while the pH of the other control PDS (PDS 14) was adjusted to be 0.3 pH units above the pHs. The disinfectant used for this part of the study was chloramine and the flow rates were set to obtain a HRT of 2 days. The chloramine demand was the same for PDS 14 and all the PDSs receiving inhibitors. PDS 13 had a chloramine demand greater than any other PDS. The lowest chloramine demand was observed in PDS 12, which received silicate inhibitor at a dose of 12 mg/L, and presented the highest pH. The elevation of pH of the water seems to reduce the rate of decay of chloramines while the use of corrosion inhibitors did not have any effect. on the rate of chloramine decay. The PDS were monitored for chloramine residual, temperature, pH, phosphate, reactive silica, and organic content. Empirical models were developed for the dissipation of chloramine in the pilot distribution systems as a function of time, pipe material, pipe diameter and water quality. Terms accounting for the effect of pH and the type and dose of corrosion inhibitor were included in the model. The use of phosphate-based or silica-based corrosion inhibitors was found to have no effect on the rate of chloramine dissipation in any of the pipe materials. Only the increase of pH was found to decrease the rate of chloramine decay. The model to best describe the decay of chloramine in the pilot distribution systems was a first-order kinetic model containing separate rate constants for the bulk reactions, pH effect and the pipe wall reactions. The rate of chloramine decay was dependent on the material and diameter of the pipe, and the temperature, pH and organic content of the water. The rate of chloramine decay was low for PVC and LCI, and more elevated in UCI and G pipes. Small diameter pipes and higher temperatures increase the rate of chlorine decay irrespective of pipe material. Additional experiments were conducted to evaluate the effect of flow velocity on chloramine decay in a pilot distribution system (PDS) for different pipe materials and water qualities. The experiments were done using the single material lines and the flow velocity of the water was varied to obtain Reynolds&amp;#39; numbers from 50 to 8000. A subset of experiments included the addition of blended orthophosphate corrosion inhibitor (BOP) at a dose of 1.0 mg/L as P to evaluate the effect of the inhibitor on chloramine decay. The effect of Reynolds&amp;#39; number on the overall chloramine decay rate (K) and the wall decay rate constant (W) was assessed for PVC, LCI, UCI, and G pipes. PVC and LCI showed no change on the rate of chloramine decay at any flow velocity. UCI and G pipes showed a rapid increase on the wall decay rate under laminar conditions (Re &lt; 500) followed by a more gradual increase under fully turbulent flow conditions (Re &gt; 2000). The use of the BOP inhibitor did not have an effect on the rate of chloramine decay for any of the pipe materials studied. Linear correlations were developed to adjust the rate of chloramine decay at the pipe wall for UCI and G depending on the Reynolds&amp;#39; number.</dc:description>
				<dc:language>English</dc:language>
			</METS:xmlData>
		</METS:mdWrap>
	</METS:dmdSec>

	<METS:dmdSec ID="DMD2">
		<METS:mdWrap MIMETYPE="text/xml" MDTYPE="OTHER" LABEL="PALMM Extensions">
			<METS:xmlData>
				<palmm:thesis>
					<palmm:committeeChair>Taylor, James</palmm:committeeChair>
					<palmm:graduationDate>2007-12-01</palmm:graduationDate>
					<palmm:degree>Ph.D.</palmm:degree>
					<palmm:degreeDiscipline>Engineering and Computer Science, Department of Civil and Environmental Engineering</palmm:degreeDiscipline>
					<palmm:degreeGrantor>University of Central Florida</palmm:degreeGrantor>
					<palmm:degreeLevel>Doctorate</palmm:degreeLevel>
				</palmm:thesis>
			</METS:xmlData>
		</METS:mdWrap>
	</METS:dmdSec>

	<METS:amdSec>
		<METS:techMD ID="TMD1">
			<METS:mdWrap MDTYPE="OTHER" OTHERMDTYPE="TECHMD">
				<METS:xmlData>
					<techmd:creationMethod SOFTWARE="Adobe Acrobat" VERSION= "6.0"/>
				</METS:xmlData>
			</METS:mdWrap>
		</METS:techMD>
		<METS:rightsMD ID="RMD1">
			<METS:mdWrap MDTYPE="OTHER" OTHERMDTYPE="RIGHTSMD">
				<METS:xmlData>
					<rightsmd:accessCode>public</rightsmd:accessCode>
				</METS:xmlData>
			</METS:mdWrap>
		</METS:rightsMD>
		<METS:sourceMD ID="SMD1">
			<METS:mdWrap MDTYPE="OTHER" MIMETYPE="text/xml" OTHERMDTYPE="PALMM">
				<METS:xmlData>
					<palmm:entityDesc SOURCE="UCF"/>
				</METS:xmlData>
			</METS:mdWrap>
		</METS:sourceMD>

		<METS:digiprovMD ID="DPMD1">
			<METS:mdWrap MDTYPE="OTHER" OTHERMDTYPE="DAITSS">
				<METS:xmlData>
					<daitss:daitss>
						<daitss:AGREEMENT_INFO ACCOUNT="FDA" PROJECT=""/>
					</daitss:daitss>
				</METS:xmlData>
			</METS:mdWrap>
		</METS:digiprovMD>
	</METS:amdSec>

	<METS:fileSec>
		<METS:fileGrp ID="FG1">
			<METS:file ID="F1" MIMETYPE="application/pdf" SEQ="1" CREATED="2007-11-14T18:18:39" SIZE="3296344" CHECKSUM="c9777c7da8a46996ebeec5a64f9a3d58" CHECKSUMTYPE="MD5" ADMID="TMD1 RMD1" >
				<METS:FLocat LOCTYPE="OTHER" OTHERLOCTYPE="SYSTEM" xlink:href="Arevalo_Jorge_M_200712_PhD.pdf"/>
			</METS:file>
		</METS:fileGrp>
	</METS:fileSec>

	<METS:structMap ID="SM1">
		<METS:div TYPE="ETD" DMDID="DMD1">
			<METS:div ORDER="1" TYPE="main" LABEL="F1">
				<METS:fptr FILEID="F1"/>
			</METS:div>
		</METS:div>
	</METS:structMap>
</METS:mets>
