<METS:mets  OBJID="FDAD25otf_character_lower"
   xmlns:METS="http://www.loc.gov/METS/" 
   xmlns:xsi="http://www.w3.org/2001/XMLSchema-instance" 
   xmlns:xlink="http://www.w3.org/1999/xlink"
   xmlns:dc="http://purl.org/dc/elements/1.1/"
   xmlns:daitss="http://www.fcla.edu/dls/md/daitss/"  
   xsi:schemaLocation="http://www.loc.gov/METS/ 
		       http://www.loc.gov/standards/mets/version17/mets.v1-7.xsd 
		       http://www.fcla.edu/dls/md/daitss/ 
		       http://www.fcla.edu/dls/md/daitss/daitss.xsd 
		       http://purl.org/dc/elements/1.1/ 
		       http://dublincore.org/schemas/xmls/simpledc20021212.xsd">


<METS:metsHdr CREATEDATE="2010-05-24T13:44:51-04:00" ID= "FDAD25otf_character_lower" RECORDSTATUS="NEW">
  <METS:agent ROLE="CREATOR" TYPE="ORGANIZATION">
    <METS:name>Florida Digital Archive</METS:name>
  </METS:agent>
</METS:metsHdr>


<METS:dmdSec ID="DMD-1">
<METS:mdWrap MIMETYPE="text/xml" MDTYPE="DC" LABEL="Simple Dublin Core">
<METS:xmlData>

<dc:title> FDA Testing SIP - Special characters in described content name at lower directory level  </dc:title><dc:creator> Lindsey </dc:creator><dc:description> FDA Testing SIP - Special characters in described content name at lower directory level  </dc:description>
</METS:xmlData>
</METS:mdWrap>
</METS:dmdSec>


  <METS:amdSec>
    <METS:digiprovMD ID="AMD_DAITTS">
      <METS:mdWrap MDTYPE="OTHER" OTHERMDTYPE="DAITTS">
	<METS:xmlData>
	  <daitss:daitss>
	    <daitss:AGREEMENT_INFO ACCOUNT="FDA" PROJECT="FDA"/>

	  </daitss:daitss>
	</METS:xmlData>
      </METS:mdWrap>
    </METS:digiprovMD>
  </METS:amdSec>


  <METS:fileSec> 
    <METS:fileGrp> 

     
        <METS:file ID="file-1" CHECKSUM="b9a47f6d6823cc5ab3e412dda819aa6a" CHECKSUMTYPE="MD5">
	<METS:FLocat LOCTYPE="URL" xlink:href="FDA04.dc"/> 
      </METS:file>
     
        <METS:file ID="file-2" CHECKSUM="273a52b34f70c11c99b5ae752635a274" CHECKSUMTYPE="MD5">
	<METS:FLocat LOCTYPE="URL" xlink:href="Content/UF00001074'.pdf"/> 
      </METS:file>
     

    </METS:fileGrp>
  </METS:fileSec>

  <METS:structMap>


    <METS:div TYPE="Monograph" >   

       
	<METS:fptr FILEID="file-1"/>
       
	<METS:fptr FILEID="file-2"/>
       

      </METS:div>
  </METS:structMap>
</METS:mets>

