<?xml version="1.0" encoding="UTF-8" standalone="no" ?>
<?fcla fda="yes"?>
<?fcla dl="no"?>
<!--  Towards Interoperable Preservation Repositories: Repository Exchange Package Use Cases and Best Practices ( Book ) -->
<METS:mets OBJID="FDA025"
  xmlns:METS="http://www.loc.gov/METS/"
  xmlns:xlink="http://www.w3.org/1999/xlink"
  xmlns:xsi="http://www.w3.org/2001/XMLSchema-instance" 
  xmlns:daitss="http://www.fcla.edu/dls/md/daitss/"
  xmlns:dc="http://purl.org/dc/elements/1.1/"
  xsi:schemaLocation="http://www.loc.gov/METS/
    http://www.loc.gov/standards/mets/mets.xsd 
    http://www.fcla.edu/dls/md/daitss/
    http://www.fcla.edu/dls/md/daitss/daitss.xsd
    http://purl.org/dc/elements/1.1/
    http://dublincore.org/schemas/xmls/simpledc20021212.xsd
">
<METS:metsHdr CREATEDATE="2011-10-27T15:36:18Z" ID="FDA025" LASTMODDATE="2011-10-27T15:37:50Z" RECORDSTATUS="COMPLETE">
<METS:agent ROLE="CREATOR" TYPE="ORGANIZATION"> 
<METS:name>FCLA,Florida Center for Library Automation</METS:name>
</METS:agent>
<METS:agent OTHERTYPE="SOFTWARE" ROLE="CREATOR" TYPE="OTHER"> 
<METS:name>SobekCM Metadata Template</METS:name>
</METS:agent>
<METS:agent ROLE="CREATOR" TYPE="INDIVIDUAL"> 
<METS:name>Lydia-7\Lydia</METS:name>
</METS:agent>
</METS:metsHdr>
<METS:dmdSec ID="DMD1">
<METS:mdWrap MDTYPE="DC"  MIMETYPE="text/xml" LABEL="Simple Dublin Core">
<METS:xmlData>
<dc:title>Towards Interoperable Preservation Repositories: Repository Exchange Package Use Cases and Best Practices</dc:title>
<dc:creator>Caplan, Priscilla</dc:creator>
<dc:creator>Pawletko, Joseph G.</dc:creator>
<dc:date>2011</dc:date>
<dc:language>English</dc:language>
<dc:type>text</dc:type>
<dc:rights>All rights reserved by the source institution</dc:rights>
</METS:xmlData>
</METS:mdWrap>
</METS:dmdSec>
<METS:amdSec>
<METS:digiprovMD ID="AMD_DAITSS">
<METS:mdWrap MDTYPE="OTHER" OTHERMDTYPE="DAITSS">
<METS:xmlData>
<daitss:daitss>
<daitss:AGREEMENT_INFO ACCOUNT="ACT" PROJECT="PRJ"/>
</daitss:daitss>
</METS:xmlData>
</METS:mdWrap>
</METS:digiprovMD>
</METS:amdSec>
<METS:fileSec> 
<METS:fileGrp USE="reference" > 
<METS:file GROUPID="G1" ID="PDF1" MIMETYPE="application/pdf" CHECKSUM="f9e12ea80ce1390e55ad3d455d0f51ef" CHECKSUMTYPE="MD5" SIZE="114115"> 
<METS:FLocat LOCTYPE="OTHER" OTHERLOCTYPE="SYSTEM" xlink:href="small[test.pdf" /> 
</METS:file> 
</METS:fileGrp> 
</METS:fileSec> 
<METS:structMap ID="STRUCT2" TYPE="other"> 
<METS:div DMDID="DMD1" LABEL="Towards Interoperable Preservation Repositories: Repository Exchange Package Use Cases and Best Practices" ORDER="0" TYPE="main"> 
<METS:div ID="DDIV1" ORDER="1" TYPE="Main"> 
<METS:div ID="FILES1" ORDER="1" TYPE="Page"> 
<METS:fptr FILEID="PDF1" /> 
</METS:div> 
</METS:div> 
</METS:div>
</METS:structMap>
</METS:mets>
