<METS:mets  OBJID="FDAD25otd_undescribed_hidden"
   xmlns:METS="http://www.loc.gov/METS/" 
   xmlns:xsi="http://www.w3.org/2001/XMLSchema-instance" 
   xmlns:xlink="http://www.w3.org/1999/xlink"
   xmlns:dc="http://purl.org/dc/elements/1.1/"
   xmlns:daitss="http://www.fcla.edu/dls/md/daitss/"  
   xsi:schemaLocation="http://www.loc.gov/METS/ 
		       http://www.loc.gov/standards/mets/version17/mets.v1-7.xsd 
		       http://www.fcla.edu/dls/md/daitss/ 
		       http://www.fcla.edu/dls/md/daitss/daitss.xsd 
		       http://purl.org/dc/elements/1.1/ 
		       http://dublincore.org/schemas/xmls/simpledc20021212.xsd">


<METS:metsHdr CREATEDATE="2010-05-24T13:54:39-04:00" ID= "FDAD25otd_undescribed_hidden" RECORDSTATUS="NEW">
  <METS:agent ROLE="CREATOR" TYPE="ORGANIZATION">
    <METS:name>Florida Digital Archive</METS:name>
  </METS:agent>
</METS:metsHdr>


<METS:dmdSec ID="DMD-1">
<METS:mdWrap MIMETYPE="text/xml" MDTYPE="DC" LABEL="Simple Dublin Core">
<METS:xmlData>

<dc:title> FDA Testing SIP - Hidden files not described</dc:title><dc:creator> Lindsey </dc:creator><dc:description> Validation error caused by hidden files not listed in the descriptor </dc:description>
</METS:xmlData>
</METS:mdWrap>
</METS:dmdSec>


  <METS:amdSec>
    <METS:digiprovMD ID="AMD_DAITTS">
      <METS:mdWrap MDTYPE="OTHER" OTHERMDTYPE="DAITTS">
	<METS:xmlData>
	  <daitss:daitss>
	    <daitss:AGREEMENT_INFO ACCOUNT="FDA" PROJECT="FDA"/>

	  </daitss:daitss>
	</METS:xmlData>
      </METS:mdWrap>
    </METS:digiprovMD>
  </METS:amdSec>


  <METS:fileSec> 
    <METS:fileGrp> 

     
        <METS:file ID="file-1" CHECKSUM="6b9ebf533cc31f4da714293fee2580a2" CHECKSUMTYPE="MD5">
	<METS:FLocat LOCTYPE="URL" xlink:href="FDA06.dc"/> 
      </METS:file>
     
        <METS:file ID="file-2" CHECKSUM="9e4e1f2c5ba523f5c0db7dbe617cd12d" CHECKSUMTYPE="MD5">
	<METS:FLocat LOCTYPE="URL" xlink:href="00040.txt"/> 
      </METS:file>
     

    </METS:fileGrp>
  </METS:fileSec>

  <METS:structMap>


    <METS:div TYPE="Monograph" >   

       
	<METS:fptr FILEID="file-1"/>
       
	<METS:fptr FILEID="file-2"/>
       

      </METS:div>
  </METS:structMap>
</METS:mets>

