<?xml version="1.0" encoding="UTF-8"?>
<mets xmlns="http://www.loc.gov/METS/"
      xmlns:xlink="http://www.w3.org/1999/xlink"
			xmlns:xsi="http://www.w3.org/2001/XMLSchema-instance"
      xsi:schemaLocation="http://www.loc.gov/METS/ http://www.loc.gov/standards/mets/mets.xsd
                          http://www.fcla.edu/dls/md/daitss/ http://www.fcla.edu/dls/md/daitss/daitss.xsd
                          http://www.loc.gov/mods/v3 http://www.loc.gov/standards/mods/v3/mods-3-3.xsd"
      OBJID="ateam">

  <dmdSec ID="DMD-0">
    <mdWrap MDTYPE="MODS">
      <xmlData>
        <mods xmlns="http://www.loc.gov/mods/v3">
          <titleInfo>
            <title >The (fd)A Team</title>
          </titleInfo>
        </mods>
      </xmlData>
    </mdWrap>
  </dmdSec>

	<amdSec>
		<digiprovMD ID="DPMD-0">
			<mdWrap MDTYPE="OTHER" OTHERMDTYPE="DAITSS">
				<xmlData>
					<daitss xmlns="http://www.fcla.edu/dls/md/daitss/">
						<AGREEMENT_INFO ACCOUNT="ACT" PROJECT="PRJ"/>
					</daitss>
				</xmlData>
			</mdWrap>
		</digiprovMD>
	</amdSec>
  
  <fileSec>
    <fileGrp>
      <file ID="FILE-0" CHECKSUM="905ae75bc4595521e350564c90a56d28" CHECKSUMTYPE="MD5">
        <FLocat xlink:href="ateam.tiff" LOCTYPE="URL"/>
      </file>
    </fileGrp>
  </fileSec>

  <structMap>
    <div>
      <fptr FILEID="FILE-0"/>
    </div>
  </structMap>

</mets>
