<?xml version="1.0" encoding="UTF-8" standalone="no" ?>
<?fcla fda="yes"?>
<?fcla dl="no"?>
<!--  The content file has a space and mets editor creates a percent 20 in href ( Book ) -->
<METS:mets OBJID="percent20_in_href"
  xmlns:METS="http://www.loc.gov/METS/"
  xmlns:xlink="http://www.w3.org/1999/xlink"
  xmlns:xsi="http://www.w3.org/2001/XMLSchema-instance" 
  xmlns:daitss="http://www.fcla.edu/dls/md/daitss/"
  xsi:schemaLocation="http://www.loc.gov/METS/
    http://www.loc.gov/standards/mets/mets.xsd 
    http://www.fcla.edu/dls/md/daitss/
    http://www.fcla.edu/dls/md/daitss/daitss.xsd
">
<METS:metsHdr CREATEDATE="2012-04-25T10:46:30Z" ID="percent20_in_href" LASTMODDATE="2012-04-25T10:46:30Z" RECORDSTATUS="COMPLETE">
<METS:agent ROLE="CREATOR" TYPE="ORGANIZATION"> 
<METS:name>FCLA,Florida Center for Library Automation</METS:name>
</METS:agent>
<METS:agent OTHERTYPE="SOFTWARE" ROLE="CREATOR" TYPE="OTHER"> 
<METS:name>SobekCM Metadata Template</METS:name>
</METS:agent>
<METS:agent ROLE="CREATOR" TYPE="INDIVIDUAL"> 
<METS:name>Lydia-7\Lydia</METS:name>
</METS:agent>
</METS:metsHdr>
<METS:dmdSec ID="DMD1">
<METS:mdWrap MDTYPE="MARC" MIMETYPE="text/xml" LABEL="MarcXML Metadata">
<METS:xmlData>
<record xmlns="http://www.loc.gov/MARC21/slim" xmlns:xsi="http://www.w3.org/2001/XMLSchema-instance" xsi:schemaLocation="http://www.loc.gov/MARC21/slim http://www.loc.gov/standards/marcxml/schema/MARC21slim.xsd">
<leader>00317nam  22001093a 4500</leader>
<controlfield tag="001">percent20_in_href</controlfield>
<controlfield tag="005">20120425104630.0</controlfield>
<controlfield tag="008">120425n        xx |||| s     ||| u eng d</controlfield>
<datafield tag="040" ind1=" " ind2=" ">
<subfield code="a">FUG</subfield>
<subfield code="c">FUG</subfield>
</datafield>
<datafield tag="245" ind1="0" ind2="0">
<subfield code="a">The content file has a space and mets editor creates a percent 20 in href</subfield>
<subfield code="h">[electronic resource].</subfield>
</datafield>
<datafield tag="506" ind1=" " ind2=" ">
<subfield code="a">All rights reserved by the source institution</subfield>
</datafield>
<datafield tag="856" ind1="4" ind2="0">
<subfield code="u">http://ufdc.ufl.edu/</subfield>
<subfield code="y">Electronic Resource</subfield>
</datafield>
</record>
</METS:xmlData>
</METS:mdWrap>
</METS:dmdSec>
<METS:amdSec>
<METS:digiprovMD ID="AMD_DAITSS">
<METS:mdWrap MDTYPE="OTHER" OTHERMDTYPE="DAITSS">
<METS:xmlData>
<daitss:daitss>
<daitss:AGREEMENT_INFO ACCOUNT="ACT" PROJECT="PRJ"/>
</daitss:daitss>
</METS:xmlData>
</METS:mdWrap>
</METS:digiprovMD>
</METS:amdSec>
<METS:fileSec> 
<METS:fileGrp USE="reference" > 
<METS:file GROUPID="G1" ID="PDF1" MIMETYPE="application/pdf" CHECKSUM="11cbf963293b1a3004c7d778d3ef20f6" CHECKSUMTYPE="MD5" SIZE="13904"> 
<METS:FLocat LOCTYPE="OTHER" OTHERLOCTYPE="SYSTEM" xlink:href="content%20file.pdf" /> 
</METS:file> 
</METS:fileGrp> 
</METS:fileSec> 
<METS:structMap ID="STRUCT2" TYPE="other"> 
<METS:div DMDID="DMD1" LABEL="The content file has a space and mets editor creates a percent 20 in href" ORDER="0" TYPE="main"> 
<METS:div ID="DDIV1" ORDER="1" TYPE="Main"> 
<METS:div ID="FILES1" ORDER="1" TYPE="Page"> 
<METS:fptr FILEID="PDF1" /> 
</METS:div> 
</METS:div> 
</METS:div>
</METS:structMap>
</METS:mets>
